Stock Name,Quarterly Results Date,QoQ % Net Profit Latest,QoQ % EPS Latest,YoY% EPS Latest,QoQ % Sales Latest,YoY % Sales Latest
TARIL,08/04/2025,69.8,72.5,9.4,20.9,31.9
SHANTIGEAR,08/04/2025,NA,NA,NA,NA,NA
ANANDRATHI,10/04/2025,-4.6,-4.6,30.9,-6.4,20.4
TCS,10/04/2025,-1.2,-1.3,-1.9,0.8,5.3
ORIENTCEM,13/04/2025,314.9,318.4,-39.5,28.3,-7.1
VIJIFIN,14/04/2025,780,600,NA,0,7.3
GMBREW,15/04/2025,175.2,175.1,-30.5,2.1,5.9
ICICIGI,15/04/2025,NA,NA,NA,NA,NA
ICICIPRULI,15/04/2025,NA,NA,NA,NA,NA
IREDA,15/04/2025,NA,NA,NA,NA,NA
ANGELONE,16/04/2025,NA,NA,NA,NA,NA
GTPL,16/04/2025,NA,NA,NA,NA,NA
INFOMEDIA,16/04/2025,NA,NA,NA,NA,NA
LAGNAM,16/04/2025,NA,NA,NA,NA,NA
RIIL,16/04/2025,NA,NA,NA,NA,NA
SWARAJENG,16/04/2025,NA,NA,NA,NA,NA
WAAREERTL,16/04/2025,NA,NA,NA,NA,NA
WIPRO,16/04/2025,NA,NA,NA,NA,NA
E2E,17/04/2025,NA,NA,NA,NA,NA
HDFCAMC,17/04/2025,NA,NA,NA,NA,NA
HDFCLIFE,17/04/2025,NA,NA,NA,NA,NA
INFY,17/04/2025,NA,NA,NA,NA,NA
JIOFIN,17/04/2025,NA,NA,NA,NA,NA
MAHEPC,17/04/2025,NA,NA,NA,NA,NA
SHRENIK,17/04/2025,NA,NA,NA,NA,NA
TATAELXSI,17/04/2025,NA,NA,NA,NA,NA
LGHL,18/04/2025,NA,NA,NA,NA,NA
MASTEK,18/04/2025,NA,NA,NA,NA,NA
NETWORK18,18/04/2025,NA,NA,NA,NA,NA
TPHQ,18/04/2025,NA,NA,NA,NA,NA
HDFCBANK,19/04/2025,NA,NA,NA,NA,NA
ICICIBANK,19/04/2025,NA,NA,NA,NA,NA
YESBANK,19/04/2025,NA,NA,NA,NA,NA
ALOKINDS,21/04/2025,NA,NA,NA,NA,NA
ANANTRAJ,21/04/2025,NA,NA,NA,NA,NA
BIRLAMONEY,21/04/2025,NA,NA,NA,NA,NA
GNA,21/04/2025,NA,NA,NA,NA,NA
HSCL,21/04/2025,NA,NA,NA,NA,NA
IGIL,21/04/2025,NA,NA,NA,NA,NA
MAHLOG,21/04/2025,NA,NA,NA,NA,NA
PITTIENG,21/04/2025,NA,NA,NA,NA,NA
RAJRATAN,21/04/2025,NA,NA,NA,NA,NA
SHEKHAWATI,21/04/2025,NA,NA,NA,NA,NA
TATAINVEST,21/04/2025,NA,NA,NA,NA,NA
CYIENTDLM,22/04/2025,NA,NA,NA,NA,NA
DELTACORP,22/04/2025,NA,NA,NA,NA,NA
HAVELLS,22/04/2025,NA,NA,NA,NA,NA
HCLTECH,22/04/2025,NA,NA,NA,NA,NA
M&MFIN,22/04/2025,NA,NA,NA,NA,NA
SAMPANN,22/04/2025,NA,NA,NA,NA,NA
SANGINITA,22/04/2025,NA,NA,NA,NA,NA
TATACOMM,22/04/2025,NA,NA,NA,NA,NA
VSSL,22/04/2025,NA,NA,NA,NA,NA
360ONE,23/04/2025,NA,NA,NA,NA,NA
BAJAJHFL,23/04/2025,NA,NA,NA,NA,NA
CANFINHOME,23/04/2025,NA,NA,NA,NA,NA
EIMCOELECO,23/04/2025,NA,NA,NA,NA,NA
LTIM,23/04/2025,NA,NA,NA,NA,NA
MAHSCOOTER,23/04/2025,NA,NA,NA,NA,NA
RALLIS,23/04/2025,NA,NA,NA,NA,NA
SPLPETRO,23/04/2025,NA,NA,NA,NA,NA
SYNGENE,23/04/2025,NA,NA,NA,NA,NA
TMB,23/04/2025,NA,NA,NA,NA,NA
ACCELYA,24/04/2025,NA,NA,NA,NA,NA
CYIENT,24/04/2025,NA,NA,NA,NA,NA
ELECON,24/04/2025,NA,NA,NA,NA,NA
HINDUNILVR,24/04/2025,NA,NA,NA,NA,NA
LAURUSLABS,24/04/2025,NA,NA,NA,NA,NA
LTTS,24/04/2025,NA,NA,NA,NA,NA
MPHASIS,24/04/2025,NA,NA,NA,NA,NA
NESTLEIND,24/04/2025,NA,NA,NA,NA,NA
PERSISTENT,24/04/2025,NA,NA,NA,NA,NA
PRIMESECU,24/04/2025,NA,NA,NA,NA,NA
SBILIFE,24/04/2025,NA,NA,NA,NA,NA
SUPREMEIND,24/04/2025,NA,NA,NA,NA,NA
TANLA,24/04/2025,NA,NA,NA,NA,NA
TECHM,24/04/2025,NA,NA,NA,NA,NA
ATUL,25/04/2025,NA,NA,NA,NA,NA
CHOLAFIN,25/04/2025,NA,NA,NA,NA,NA
LTF,25/04/2025,NA,NA,NA,NA,NA
MARUTI,25/04/2025,NA,NA,NA,NA,NA
MHRIL,25/04/2025,NA,NA,NA,NA,NA
POONAWALLA,25/04/2025,NA,NA,NA,NA,NA
SHRIRAMFIN,25/04/2025,NA,NA,NA,NA,NA
TATATECH,25/04/2025,NA,NA,NA,NA,NA
IDFCFIRSTB,26/04/2025,NA,NA,NA,NA,NA
INDIACEM,26/04/2025,NA,NA,NA,NA,NA
SBFC,26/04/2025,NA,NA,NA,NA,NA
UGROCAP,26/04/2025,NA,NA,NA,NA,NA
ABSLAMC,28/04/2025,NA,NA,NA,NA,NA
CASTROLIND,28/04/2025,NA,NA,NA,NA,NA
CCCL,28/04/2025,NA,NA,NA,NA,NA
CSBBANK,28/04/2025,NA,NA,NA,NA,NA
FSL,28/04/2025,NA,NA,NA,NA,NA
GODIGIT,28/04/2025,NA,NA,NA,NA,NA
KFINTECH,28/04/2025,NA,NA,NA,NA,NA
KPITTECH,28/04/2025,NA,NA,NA,NA,NA
NAM-INDIA,28/04/2025,NA,NA,NA,NA,NA
SHREDIGCEM,28/04/2025,NA,NA,NA,NA,NA
ULTRACEMCO,28/04/2025,NA,NA,NA,NA,NA
BAJAJFINSV,29/04/2025,NA,NA,NA,NA,NA
BAJFINANCE,29/04/2025,NA,NA,NA,NA,NA
CEATLTD,29/04/2025,NA,NA,NA,NA,NA
CIEINDIA,29/04/2025,NA,NA,NA,NA,NA
SCHAEFFLER,29/04/2025,NA,NA,NA,NA,NA
STARHEALTH,29/04/2025,NA,NA,NA,NA,NA
TRENT,29/04/2025,NA,NA,NA,NA,NA
UTIAMC,29/04/2025,NA,NA,NA,NA,NA
CRISIL,30/04/2025,NA,NA,NA,NA,NA
EQUITASBNK,30/04/2025,NA,NA,NA,NA,NA
EXIDEIND,30/04/2025,NA,NA,NA,NA,NA
FEDERALBNK,30/04/2025,NA,NA,NA,NA,NA
LGBBROSLTD,30/04/2025,NA,NA,NA,NA,NA
RSSOFTWARE,30/04/2025,NA,NA,NA,NA,NA
SONACOMS,30/04/2025,NA,NA,NA,NA,NA
UJJIVANSFB,30/04/2025,NA,NA,NA,NA,NA
NUVOCO,01/05/2025,NA,NA,NA,NA,NA
LATENTVIEW,02/05/2025,NA,NA,NA,NA,NA
MARICO,02/05/2025,NA,NA,NA,NA,NA
DLINKINDIA,03/05/2025,NA,NA,NA,NA,NA
KOTAKBANK,03/05/2025,NA,NA,NA,NA,NA
KSOLVES,03/05/2025,NA,NA,NA,NA,NA
CAMS,05/05/2025,NA,NA,NA,NA,NA
CIGNITITEC,05/05/2025,NA,NA,NA,NA,NA
COFORGE,05/05/2025,NA,NA,NA,NA,NA
APTUS,06/05/2025,NA,NA,NA,NA,NA
KANSAINER,06/05/2025,NA,NA,NA,NA,NA
POLYCAB,06/05/2025,NA,NA,NA,NA,NA
SERVOTECH,06/05/2025,NA,NA,NA,NA,NA
BLUESTARCO,07/05/2025,NA,NA,NA,NA,NA
DABUR,07/05/2025,NA,NA,NA,NA,NA
GINNIFILA,07/05/2025,NA,NA,NA,NA,NA
UBL,07/05/2025,NA,NA,NA,NA,NA
ASIANPAINT,08/05/2025,NA,NA,NA,NA,NA
BIOCON,08/05/2025,NA,NA,NA,NA,NA
ESCORTS,08/05/2025,NA,NA,NA,NA,NA
GHCL,08/05/2025,NA,NA,NA,NA,NA
KALYANKJIL,08/05/2025,NA,NA,NA,NA,NA
RAIN,08/05/2025,NA,NA,NA,NA,NA
ABB,09/05/2025,NA,NA,NA,NA,NA
CHOLAHLDNG,09/05/2025,NA,NA,NA,NA,NA
DHANBANK,09/05/2025,NA,NA,NA,NA,NA
DRREDDY,09/05/2025,NA,NA,NA,NA,NA
NAVINFLUOR,09/05/2025,NA,NA,NA,NA,NA
CIPLA,13/05/2025,NA,NA,NA,NA,NA
HONAUT,13/05/2025,NA,NA,NA,NA,NA
MFSL,13/05/2025,NA,NA,NA,NA,NA
BASF,14/05/2025,NA,NA,NA,NA,NA
BERGEPAINT,14/05/2025,NA,NA,NA,NA,NA
FOSECOIND,14/05/2025,NA,NA,NA,NA,NA
SHREECEM,14/05/2025,NA,NA,NA,NA,NA
TCI,14/05/2025,NA,NA,NA,NA,NA
ENDURANCE,15/05/2025,NA,NA,NA,NA,NA
BBL,16/05/2025,NA,NA,NA,NA,NA
CENTRUM,16/05/2025,NA,NA,NA,NA,NA
EMAMILTD,16/05/2025,NA,NA,NA,NA,NA
GICHSGFIN,16/05/2025,NA,NA,NA,NA,NA
NESCO,16/05/2025,NA,NA,NA,NA,NA
TVTODAY,16/05/2025,NA,NA,NA,NA,NA
HINDALCO,20/05/2025,NA,NA,NA,NA,NA
JSWSTEEL,23/05/2025,NA,NA,NA,NA,NA
MINDTECK,23/05/2025,NA,NA,NA,NA,NA
JKCEMENT,24/05/2025,NA,NA,NA,NA,NA
PAKKA,24/05/2025,NA,NA,NA,NA,NA
GILLETTE,26/05/2025,NA,NA,NA,NA,NA
BOSCHLTD,27/05/2025,NA,NA,NA,NA,NA
ESABINDIA,27/05/2025,NA,NA,NA,NA,NA
MEDPLUS,27/05/2025,NA,NA,NA,NA,NA
PGHH,27/05/2025,NA,NA,NA,NA,NA
RML,27/05/2025,NA,NA,NA,NA,NA
TTKPRESTIG,27/05/2025,NA,NA,NA,NA,NA
CUMMINSIND,28/05/2025,NA,NA,NA,NA,NA
INSECTICID,28/05/2025,NA,NA,NA,NA,NA
SUVENPHAR,28/05/2025,NA,NA,NA,NA,NA
ARE&M,29/05/2025,NA,NA,NA,NA,NA
PGHL,29/05/2025,NA,NA,NA,NA,NA
RANEHOLDIN,30/05/2025,NA,NA,NA,NA,NA